id,username,email,created_at
1,clearpioneer03,clearpioneer03@hackstack.io,2025-03-24 06:54:23
2,livelyengine34,livelyengine34@seeded.app,2025-09-24 06:43:42
3,briskwindow65,briskwindow65@relay.cloud,2024-11-07 19:29:50
4,ivoryyard39,ivoryyard39@opswise.net,2026-01-22 06:53:04
5,dawnjourney53,dawnjourney53@acme.dev,2025-05-03 20:17:28
6,urbananchor39,urbananchor39@relay.cloud,2024-10-06 06:43:48
7,opalmeadow73,opalmeadow73@opswise.net,2025-05-11 13:02:32
8,younguplink34,younguplink34@hackstack.io,2024-09-30 22:06:57
9,dawnlagoon22,dawnlagoon22@example.com,2024-07-31 02:28:19
10,emberzenith51,emberzenith51@opswise.net,2024-04-12 15:48:25
11,proudquartz80,proudquartz80@seeded.app,2025-01-03 18:55:49
12,briskengine55,briskengine55@opswise.net,2025-09-29 22:35:54
13,forestlagoon92,forestlagoon92@acme.dev,2025-11-08 11:30:07
14,goldlagoon51,goldlagoon51@acme.dev,2024-10-16 15:29:54
15,jadepioneer14,jadepioneer14@seeded.app,2025-06-13 13:48:30
16,vividquartz30,vividquartz30@relay.cloud,2026-01-17 04:35:37
17,youngnetwork15,youngnetwork15@relay.cloud,2025-01-22 04:31:14
18,proudbeacon44,proudbeacon44@hackstack.io,2024-08-22 20:02:12
19,urbanuplink00,urbanuplink00@seeded.app,2025-03-19 04:13:55
20,ambernetwork75,ambernetwork75@seeded.app,2024-08-28 17:59:26
21,youngisland93,youngisland93@seeded.app,2024-01-08 12:26:30
22,goldkernel98,goldkernel98@seeded.app,2024-12-15 11:09:37
23,mellowisland59,mellowisland59@acme.dev,2024-09-01 21:08:46
24,forestlagoon48,forestlagoon48@seeded.app,2025-04-07 12:30:16
25,proudisland63,proudisland63@opswise.net,2024-02-17 14:12:50
26,rapidengine25,rapidengine25@seeded.app,2024-08-25 08:42:52
27,jadedelta10,jadedelta10@hackstack.io,2025-06-07 12:36:04
28,youngyard80,youngyard80@opswise.net,2024-04-14 02:20:44
29,tidyengine18,tidyengine18@hackstack.io,2024-06-07 17:19:19
30,jadeuplink31,jadeuplink31@relay.cloud,2025-12-22 15:24:39
31,navygarden38,navygarden38@acme.dev,2024-12-26 11:23:06
32,warmquartz83,warmquartz83@example.com,2025-03-05 17:22:33
33,dawnuplink92,dawnuplink92@seeded.app,2024-09-28 06:05:58
34,vividisland89,vividisland89@example.com,2025-06-09 19:13:34
35,cobaltgarden23,cobaltgarden23@relay.cloud,2025-09-14 20:16:42
36,cleardelta85,cleardelta85@seeded.app,2024-03-17 19:25:02
37,emberpioneer91,emberpioneer91@acme.dev,2026-01-13 00:20:52
38,rapidanchor72,rapidanchor72@hackstack.io,2025-08-10 07:39:07
39,calmzenith07,calmzenith07@seeded.app,2025-02-26 03:23:02
40,jadezenith22,jadezenith22@acme.dev,2025-06-18 06:39:25
41,quietriver90,quietriver90@acme.dev,2024-01-31 07:53:55
42,forestbeacon59,forestbeacon59@acme.dev,2024-08-19 09:36:11
43,cobaltcanyon67,cobaltcanyon67@hackstack.io,2025-04-07 19:07:45
44,silverfield56,silverfield56@seeded.app,2024-06-12 07:25:07
45,vividvalley51,vividvalley51@hackstack.io,2025-05-04 09:21:56
46,rapidfield24,rapidfield24@seeded.app,2024-03-29 01:47:18
47,goldcanyon29,goldcanyon29@acme.dev,2025-04-25 11:41:36
48,quietnetwork10,quietnetwork10@seeded.app,2025-05-27 08:51:44
49,warmjourney01,warmjourney01@hackstack.io,2024-04-09 19:47:52
50,cobaltuplink77,cobaltuplink77@opswise.net,2024-05-03 09:37:23
51,proudzenith13,proudzenith13@relay.cloud,2025-08-25 22:06:20
52,ivorypioneer87,ivorypioneer87@seeded.app,2025-04-06 11:43:18
53,rapidjourney13,rapidjourney13@example.com,2025-11-22 00:18:24
54,livelynetwork32,livelynetwork32@seeded.app,2025-11-20 17:14:08
55,briskorbit94,briskorbit94@hackstack.io,2025-05-04 07:52:21
56,navyanchor07,navyanchor07@acme.dev,2025-02-24 14:28:45
57,urbanisland99,urbanisland99@example.com,2024-07-03 13:20:19
58,goldsignal96,goldsignal96@acme.dev,2025-04-25 19:59:44
59,youngsignal93,youngsignal93@opswise.net,2024-06-08 16:21:24
60,opalvalley86,opalvalley86@seeded.app,2025-08-01 17:04:54
61,amberharvest87,amberharvest87@hackstack.io,2025-01-18 03:29:06
62,emberyard39,emberyard39@hackstack.io,2025-01-23 16:47:39
63,navylagoon57,navylagoon57@example.com,2025-04-12 01:52:30
64,younggarden44,younggarden44@hackstack.io,2024-03-04 11:48:11
65,youngkernel97,youngkernel97@example.com,2025-12-27 04:26:32
66,silverjourney69,silverjourney69@opswise.net,2024-07-15 03:32:20
67,emberorbit97,emberorbit97@seeded.app,2025-03-08 07:09:55
68,rapiddelta29,rapiddelta29@acme.dev,2025-12-05 13:43:57
69,opalharvest87,opalharvest87@opswise.net,2024-08-04 18:54:32
70,ivorytrail60,ivorytrail60@hackstack.io,2024-01-05 12:32:45
71,cobaltisland53,cobaltisland53@relay.cloud,2024-06-28 21:20:43
72,amberlagoon39,amberlagoon39@acme.dev,2024-08-26 13:28:41
73,ambergarden26,ambergarden26@seeded.app,2024-02-19 09:39:12
74,youngharvest43,youngharvest43@hackstack.io,2025-09-28 07:32:17
75,silverwindow93,silverwindow93@hackstack.io,2025-04-29 03:17:44
76,opalquartz96,opalquartz96@opswise.net,2024-11-26 01:45:15
77,urbananchor49,urbananchor49@opswise.net,2025-02-25 21:51:05
78,dawnengine61,dawnengine61@seeded.app,2024-11-09 15:20:48
79,tidypioneer62,tidypioneer62@hackstack.io,2024-09-23 13:39:58
80,proudsignal03,proudsignal03@hackstack.io,2025-06-11 06:51:39
81,mellowmeadow92,mellowmeadow92@seeded.app,2025-10-13 00:16:47
82,embermeadow69,embermeadow69@relay.cloud,2024-03-08 09:10:15
83,jadesignal56,jadesignal56@example.com,2024-12-27 23:37:18
84,keennetwork07,keennetwork07@example.com,2025-12-16 14:31:21
85,quietlagoon54,quietlagoon54@example.com,2025-07-30 01:25:43
86,youngjourney43,youngjourney43@opswise.net,2024-11-23 13:06:23
87,youngkernel25,youngkernel25@acme.dev,2025-08-03 02:01:36
88,goldmeadow36,goldmeadow36@hackstack.io,2026-01-12 20:40:17
89,harborlagoon48,harborlagoon48@hackstack.io,2024-07-13 11:27:23
90,urbandelta32,urbandelta32@example.com,2024-12-17 03:22:01
91,navybeacon33,navybeacon33@hackstack.io,2025-10-19 10:06:57
92,urbanuplink95,urbanuplink95@hackstack.io,2025-09-01 17:55:54
93,proudvalley52,proudvalley52@opswise.net,2025-02-09 12:18:44
94,warmdelta04,warmdelta04@relay.cloud,2024-12-11 05:20:32
95,vividlagoon66,vividlagoon66@seeded.app,2024-07-01 06:04:14
96,rapidtrail96,rapidtrail96@relay.cloud,2024-05-29 00:02:44
97,tidytrail99,tidytrail99@seeded.app,2025-07-06 04:34:35
98,livelymeadow48,livelymeadow48@acme.dev,2025-08-19 17:08:28
99,vividuplink73,vividuplink73@acme.dev,2024-06-28 17:03:52
100,tidysignal57,tidysignal57@hackstack.io,2025-08-12 14:13:41
101,briskriver41,briskriver41@relay.cloud,2025-05-03 07:20:22
102,tidylagoon17,tidylagoon17@example.com,2025-07-13 03:26:03
103,briskyard42,briskyard42@acme.dev,2024-09-27 21:11:42
104,dawnpioneer93,dawnpioneer93@hackstack.io,2026-01-29 10:38:04
105,golduplink57,golduplink57@acme.dev,2025-03-19 04:16:24
106,warmengine18,warmengine18@acme.dev,2025-11-06 13:20:23
107,cobaltdelta49,cobaltdelta49@example.com,2026-01-22 05:02:47
108,proudorbit17,proudorbit17@hackstack.io,2025-10-26 17:24:28
109,vividjourney72,vividjourney72@hackstack.io,2024-10-15 02:19:23
110,forestgarden68,forestgarden68@hackstack.io,2024-06-22 19:22:52
111,amberdelta97,amberdelta97@example.com,2024-04-25 19:15:19
112,warmzenith15,warmzenith15@hackstack.io,2024-01-29 01:51:40
113,urbanyard86,urbanyard86@hackstack.io,2025-07-22 19:44:27
114,silvercanyon13,silvercanyon13@relay.cloud,2025-08-13 20:24:19
115,brisktrail22,brisktrail22@acme.dev,2024-12-21 05:29:06
116,cobaltisland99,cobaltisland99@relay.cloud,2024-07-12 15:37:30
117,rapidgarden15,rapidgarden15@acme.dev,2025-07-25 09:35:04
118,ambermeadow11,ambermeadow11@relay.cloud,2024-12-10 15:31:47
119,tidypioneer57,tidypioneer57@acme.dev,2024-09-16 08:04:17
120,dawnriver62,dawnriver62@seeded.app,2024-12-12 06:10:28
121,rapidsignal45,rapidsignal45@relay.cloud,2025-01-26 11:18:17
122,opalcanyon87,opalcanyon87@example.com,2025-03-14 00:25:11
123,navysignal16,navysignal16@seeded.app,2025-08-14 04:16:04
124,amberisland24,amberisland24@opswise.net,2024-03-26 05:05:00
125,harborwindow47,harborwindow47@opswise.net,2025-11-25 20:26:12
126,quietengine60,quietengine60@seeded.app,2024-05-31 16:00:43
127,opalmeadow27,opalmeadow27@opswise.net,2025-11-19 01:04:16
128,keenbeacon37,keenbeacon37@example.com,2026-01-12 17:11:19
129,urbanzenith48,urbanzenith48@hackstack.io,2024-12-04 04:49:06
130,livelycanyon76,livelycanyon76@acme.dev,2025-11-09 05:28:41
131,tidygarden10,tidygarden10@relay.cloud,2025-04-06 14:15:31
132,warmorbit73,warmorbit73@relay.cloud,2024-01-12 20:43:59
133,warmkernel98,warmkernel98@example.com,2025-03-19 03:50:21
134,silverisland71,silverisland71@relay.cloud,2024-12-23 07:58:43
135,mellowcanyon04,mellowcanyon04@example.com,2024-06-10 15:56:13
136,quietcanyon68,quietcanyon68@opswise.net,2024-09-22 08:32:32
137,navyorbit77,navyorbit77@example.com,2025-09-20 05:41:46
138,opalsignal27,opalsignal27@example.com,2025-01-07 09:11:10
139,navydelta32,navydelta32@acme.dev,2026-01-04 16:07:01
140,amberjourney48,amberjourney48@relay.cloud,2024-09-11 17:57:57
141,harborisland87,harborisland87@acme.dev,2025-02-08 10:17:31
142,goldorbit05,goldorbit05@seeded.app,2025-08-28 06:14:13
143,briskvalley67,briskvalley67@acme.dev,2025-09-11 20:53:11
144,quietfield73,quietfield73@example.com,2024-06-24 15:25:04
145,cobaltlagoon60,cobaltlagoon60@opswise.net,2024-06-26 19:53:06
146,warmsignal79,warmsignal79@seeded.app,2024-03-19 10:24:09
147,quietsignal15,quietsignal15@seeded.app,2025-02-12 18:40:44
148,silveranchor35,silveranchor35@example.com,2025-11-26 13:45:57
149,cobaltjourney51,cobaltjourney51@acme.dev,2024-01-02 01:08:17
150,urbanvalley13,urbanvalley13@seeded.app,2024-07-08 03:14:18
151,goldengine35,goldengine35@hackstack.io,2024-03-31 21:15:23
152,jadetrail53,jadetrail53@opswise.net,2025-08-14 12:20:08
153,tidyquartz90,tidyquartz90@hackstack.io,2025-02-12 11:00:21
154,foresttrail92,foresttrail92@seeded.app,2024-10-16 14:07:27
155,proudtrail31,proudtrail31@seeded.app,2025-06-23 05:03:15
156,warmuplink02,warmuplink02@seeded.app,2025-02-02 12:30:12
157,youngcanyon75,youngcanyon75@hackstack.io,2026-01-18 11:42:43
158,urbannetwork49,urbannetwork49@opswise.net,2024-08-30 00:09:19
159,opalengine53,opalengine53@example.com,2024-03-22 05:31:47
160,opalzenith66,opalzenith66@relay.cloud,2024-02-06 22:22:20
161,urbanvalley77,urbanvalley77@acme.dev,2026-01-03 16:44:51
162,amberorbit77,amberorbit77@hackstack.io,2025-03-26 10:40:31
163,harboryard92,harboryard92@seeded.app,2024-11-19 19:21:28
164,younglagoon00,younglagoon00@example.com,2024-12-26 14:33:06
165,vividriver18,vividriver18@seeded.app,2024-09-26 03:56:00
166,navyyard68,navyyard68@opswise.net,2025-08-06 04:21:22
167,emberriver89,emberriver89@opswise.net,2024-09-28 14:30:15
168,forestquartz82,forestquartz82@hackstack.io,2025-09-22 04:24:49
169,mellowpioneer04,mellowpioneer04@hackstack.io,2025-07-26 01:56:13
170,amberyard17,amberyard17@relay.cloud,2024-12-09 17:05:20
171,ivoryengine54,ivoryengine54@acme.dev,2025-08-06 08:32:02
172,tidysignal61,tidysignal61@acme.dev,2024-06-15 04:24:45
173,emberuplink64,emberuplink64@acme.dev,2025-08-14 18:02:41
174,warmvalley30,warmvalley30@relay.cloud,2025-03-31 07:27:41
175,keenharvest25,keenharvest25@relay.cloud,2024-08-18 12:13:31
176,opalnetwork89,opalnetwork89@acme.dev,2024-04-05 10:44:25
177,dawnsignal53,dawnsignal53@seeded.app,2025-09-21 16:21:26
178,tidyfield79,tidyfield79@relay.cloud,2024-09-22 08:16:34
179,cobaltjourney74,cobaltjourney74@seeded.app,2025-08-21 04:56:38
180,urbanjourney81,urbanjourney81@hackstack.io,2025-10-05 15:29:24
181,prouduplink05,prouduplink05@relay.cloud,2024-04-21 02:33:39
182,urbanwindow28,urbanwindow28@acme.dev,2024-11-08 03:51:31
183,harbordelta87,harbordelta87@example.com,2024-03-26 09:49:31
184,cobaltyard10,cobaltyard10@example.com,2025-05-10 15:20:38
185,emberjourney75,emberjourney75@acme.dev,2024-01-19 21:47:50
186,clearbeacon14,clearbeacon14@example.com,2024-03-28 06:42:28
187,harborgarden09,harborgarden09@acme.dev,2025-10-23 17:54:11
188,mellowfield35,mellowfield35@acme.dev,2024-02-13 14:06:25
189,clearengine08,clearengine08@example.com,2024-11-01 14:58:15
190,dawnengine58,dawnengine58@hackstack.io,2024-08-29 21:45:58
191,calmjourney17,calmjourney17@acme.dev,2024-10-18 01:27:31
192,opaltrail20,opaltrail20@acme.dev,2024-08-01 23:45:42
193,briskuplink59,briskuplink59@seeded.app,2026-01-09 14:42:12
194,clearfield63,clearfield63@opswise.net,2025-09-28 16:58:22
195,livelyriver48,livelyriver48@seeded.app,2025-10-01 05:20:40
196,mellowmeadow60,mellowmeadow60@relay.cloud,2024-12-07 05:39:47
197,opalvalley44,opalvalley44@hackstack.io,2024-03-14 14:14:16
198,tidyfield42,tidyfield42@example.com,2025-05-04 23:09:51
199,keenpioneer01,keenpioneer01@opswise.net,2026-01-01 01:30:29
200,livelyzenith11,livelyzenith11@opswise.net,2024-08-19 01:19:25
201,proudgarden99,proudgarden99@acme.dev,2024-02-04 18:30:03
202,dawnuplink61,dawnuplink61@example.com,2024-08-18 23:14:07
203,quietnetwork89,quietnetwork89@example.com,2025-09-23 07:16:38
204,livelycanyon30,livelycanyon30@acme.dev,2024-04-16 08:39:27
205,silvernetwork32,silvernetwork32@example.com,2025-01-02 11:36:33
206,tidyquartz81,tidyquartz81@hackstack.io,2025-08-07 21:57:55
207,clearisland99,clearisland99@opswise.net,2025-12-12 00:56:14
208,keenquartz35,keenquartz35@example.com,2025-01-15 20:08:37
209,mellowsignal34,mellowsignal34@example.com,2024-02-27 00:50:37
210,goldmeadow39,goldmeadow39@relay.cloud,2024-04-25 13:52:50
211,tidyvalley33,tidyvalley33@opswise.net,2024-04-05 01:04:31
212,vividpioneer76,vividpioneer76@opswise.net,2025-06-13 07:30:58
213,keenharvest65,keenharvest65@acme.dev,2024-01-28 03:23:02
214,cobaltfield15,cobaltfield15@hackstack.io,2025-07-15 19:53:18
215,opalorbit37,opalorbit37@acme.dev,2025-06-11 16:19:32
216,livelyzenith35,livelyzenith35@example.com,2025-09-07 01:18:21
217,melloworbit44,melloworbit44@relay.cloud,2025-01-17 12:22:10
218,opalsignal69,opalsignal69@acme.dev,2025-08-16 16:24:55
219,amberwindow38,amberwindow38@relay.cloud,2024-03-12 10:37:13
220,livelywindow87,livelywindow87@relay.cloud,2024-10-18 15:03:27
221,youngwindow96,youngwindow96@hackstack.io,2025-11-02 06:58:37
222,urbanengine29,urbanengine29@hackstack.io,2024-02-16 19:32:11
223,clearfield04,clearfield04@opswise.net,2025-07-08 21:43:33
224,urbanmeadow99,urbanmeadow99@example.com,2024-09-22 01:08:13
225,dawntrail92,dawntrail92@acme.dev,2024-10-07 13:01:33
226,silverpioneer54,silverpioneer54@opswise.net,2024-10-30 21:00:32
227,youngquartz30,youngquartz30@acme.dev,2024-03-13 07:29:14
228,forestfield48,forestfield48@acme.dev,2024-04-11 15:02:56
229,harborquartz55,harborquartz55@example.com,2025-06-09 20:48:42
230,ambervalley03,ambervalley03@example.com,2024-10-23 06:31:08
231,navyorbit86,navyorbit86@seeded.app,2024-10-21 18:45:28
232,clearengine19,clearengine19@opswise.net,2025-08-26 12:30:08
233,navypioneer34,navypioneer34@opswise.net,2025-05-12 22:13:01
234,proudbeacon76,proudbeacon76@opswise.net,2025-11-17 21:36:43
235,forestharvest68,forestharvest68@hackstack.io,2025-08-19 16:43:21
236,briskdelta44,briskdelta44@example.com,2024-08-09 07:57:20
237,melloworbit89,melloworbit89@relay.cloud,2024-11-03 13:34:01
238,livelyvalley39,livelyvalley39@opswise.net,2024-09-29 19:57:35
239,goldengine94,goldengine94@hackstack.io,2024-02-17 04:04:43
240,forestorbit26,forestorbit26@hackstack.io,2024-11-15 13:21:02
241,clearanchor84,clearanchor84@seeded.app,2025-09-19 04:14:24
242,navylagoon41,navylagoon41@seeded.app,2025-05-25 15:44:32
243,proudisland02,proudisland02@opswise.net,2024-05-14 10:48:54
244,silverquartz29,silverquartz29@opswise.net,2024-01-06 13:32:15
245,vividdelta50,vividdelta50@seeded.app,2025-01-13 13:08:59
246,rapidvalley94,rapidvalley94@opswise.net,2025-04-22 22:23:19
247,jadedelta58,jadedelta58@example.com,2024-06-01 08:41:29
248,forestgarden87,forestgarden87@example.com,2025-11-08 08:01:47
249,quietjourney62,quietjourney62@seeded.app,2024-04-04 03:19:54
250,jadepioneer98,jadepioneer98@example.com,2025-05-03 21:48:01
251,dawnpioneer10,dawnpioneer10@seeded.app,2024-05-18 02:43:49
252,proudriver37,proudriver37@relay.cloud,2024-04-01 10:05:09
253,briskgarden77,briskgarden77@example.com,2025-08-15 17:15:38
254,proudorbit72,proudorbit72@opswise.net,2024-10-27 21:37:38
255,cobaltsignal08,cobaltsignal08@hackstack.io,2024-03-31 20:15:01
256,briskyard37,briskyard37@relay.cloud,2024-07-03 16:46:54
257,younglagoon72,younglagoon72@seeded.app,2024-04-30 23:26:24
258,warmjourney90,warmjourney90@opswise.net,2024-04-10 09:36:00
259,tidyengine65,tidyengine65@example.com,2024-01-10 19:33:47
260,keenmeadow25,keenmeadow25@opswise.net,2024-10-18 05:06:02
261,ambergarden98,ambergarden98@seeded.app,2025-05-24 20:21:14
262,proudgarden28,proudgarden28@acme.dev,2024-01-23 06:27:20
263,proudwindow27,proudwindow27@acme.dev,2025-09-08 12:29:30
264,ivorysignal47,ivorysignal47@hackstack.io,2025-02-16 01:28:26
265,mellowengine50,mellowengine50@acme.dev,2024-09-09 08:23:06
266,calmanchor64,calmanchor64@seeded.app,2024-10-22 10:02:04
267,livelyanchor59,livelyanchor59@relay.cloud,2024-08-22 05:05:59
268,cobaltnetwork41,cobaltnetwork41@opswise.net,2025-06-19 00:18:08
269,proudbeacon17,proudbeacon17@example.com,2025-12-04 22:35:09
270,goldvalley09,goldvalley09@acme.dev,2025-08-09 23:51:15
271,forestengine20,forestengine20@opswise.net,2025-01-22 14:04:52
272,mellowisland30,mellowisland30@example.com,2025-06-25 08:33:36
273,warmsignal03,warmsignal03@hackstack.io,2024-05-20 00:57:46
274,dawnpioneer11,dawnpioneer11@acme.dev,2024-09-30 19:09:05
275,jadeanchor98,jadeanchor98@relay.cloud,2024-09-25 19:55:53
276,urbankernel78,urbankernel78@hackstack.io,2025-01-12 12:47:46
277,navyuplink45,navyuplink45@seeded.app,2024-02-12 21:23:19
278,navycanyon87,navycanyon87@relay.cloud,2024-11-22 14:28:11
279,youngwindow99,youngwindow99@opswise.net,2025-12-13 01:48:24
280,mellowkernel77,mellowkernel77@seeded.app,2025-12-02 08:47:09
281,prouduplink66,prouduplink66@opswise.net,2024-08-29 14:56:31
282,urbanjourney27,urbanjourney27@opswise.net,2025-10-08 18:31:25
283,opalfield03,opalfield03@opswise.net,2024-08-17 15:16:40
284,clearsignal86,clearsignal86@opswise.net,2024-10-08 19:48:16
285,urbanpioneer96,urbanpioneer96@acme.dev,2024-06-09 17:22:06
286,mellowvalley67,mellowvalley67@seeded.app,2024-08-10 02:17:56
287,silverengine95,silverengine95@acme.dev,2024-03-19 05:58:25
288,forestyard56,forestyard56@opswise.net,2025-06-06 23:44:32
289,tidygarden01,tidygarden01@acme.dev,2025-02-05 21:06:53
290,harbororbit75,harbororbit75@example.com,2024-10-30 18:48:37
291,opalriver84,opalriver84@example.com,2026-01-17 22:29:55
292,ivoryriver81,ivoryriver81@hackstack.io,2024-12-20 21:05:28
293,warmbeacon14,warmbeacon14@seeded.app,2025-05-21 20:07:17
294,ivorywindow98,ivorywindow98@acme.dev,2025-03-30 13:35:01
295,goldtrail13,goldtrail13@hackstack.io,2024-05-25 13:33:05
296,proudorbit76,proudorbit76@opswise.net,2024-10-12 13:29:16
297,warmquartz55,warmquartz55@hackstack.io,2025-11-30 14:39:56
298,harborharvest83,harborharvest83@example.com,2024-09-09 19:03:51
299,tidyyard09,tidyyard09@seeded.app,2024-10-09 10:29:44
300,quietisland22,quietisland22@hackstack.io,2024-02-22 20:02:57
301,jadekernel28,jadekernel28@hackstack.io,2025-12-31 17:23:59
302,keengarden97,keengarden97@relay.cloud,2025-04-09 13:21:30
303,calmpioneer53,calmpioneer53@example.com,2024-03-27 03:22:45
304,younganchor52,younganchor52@example.com,2024-06-14 22:40:11
305,dawnwindow61,dawnwindow61@opswise.net,2026-01-28 05:11:20
306,jadeyard16,jadeyard16@seeded.app,2024-12-16 22:27:18
307,warmquartz98,warmquartz98@relay.cloud,2025-09-15 09:32:50
308,silverharvest18,silverharvest18@seeded.app,2025-07-12 16:23:46
309,vividkernel74,vividkernel74@hackstack.io,2024-01-15 16:36:22
310,ivoryquartz65,ivoryquartz65@example.com,2024-11-19 21:54:41
311,mellowanchor66,mellowanchor66@relay.cloud,2025-09-29 14:21:09
312,vividorbit34,vividorbit34@opswise.net,2024-02-15 23:31:56
313,briskmeadow66,briskmeadow66@example.com,2025-04-04 16:04:45
314,navyzenith22,navyzenith22@hackstack.io,2025-10-18 05:07:59
315,youngkernel71,youngkernel71@opswise.net,2025-08-23 03:43:38
316,ambersignal22,ambersignal22@opswise.net,2024-04-05 11:25:40
317,cobaltbeacon79,cobaltbeacon79@example.com,2024-02-23 01:27:33
318,ivorymeadow55,ivorymeadow55@acme.dev,2025-01-01 20:17:21
319,briskfield04,briskfield04@acme.dev,2024-02-17 21:01:41
320,rapidjourney03,rapidjourney03@hackstack.io,2025-12-02 23:21:23
321,silverdelta31,silverdelta31@opswise.net,2025-07-13 13:15:42
322,briskquartz48,briskquartz48@acme.dev,2024-07-04 19:59:16
323,mellowzenith76,mellowzenith76@opswise.net,2025-01-17 17:07:16
324,quietanchor04,quietanchor04@hackstack.io,2024-06-13 09:26:16
325,rapidanchor81,rapidanchor81@seeded.app,2026-01-15 13:17:15
326,mellowanchor24,mellowanchor24@example.com,2025-03-18 00:18:17
327,calmgarden29,calmgarden29@example.com,2024-01-08 15:50:39
328,quietquartz35,quietquartz35@hackstack.io,2024-08-15 06:24:04
329,rapidorbit36,rapidorbit36@hackstack.io,2025-10-18 06:57:09
330,briskgarden27,briskgarden27@seeded.app,2025-09-14 16:46:43
331,ambernetwork37,ambernetwork37@acme.dev,2025-01-02 23:21:24
332,dawnvalley31,dawnvalley31@hackstack.io,2025-10-27 20:42:46
333,dawnorbit49,dawnorbit49@acme.dev,2024-02-27 08:59:33
334,livelymeadow01,livelymeadow01@hackstack.io,2024-09-16 15:05:08
335,cobaltjourney85,cobaltjourney85@opswise.net,2025-08-17 02:07:07
336,mellowvalley81,mellowvalley81@opswise.net,2024-02-16 04:35:20
337,tidyvalley00,tidyvalley00@acme.dev,2024-07-27 12:19:18
338,dawnzenith56,dawnzenith56@relay.cloud,2025-12-28 21:28:43
339,vividbeacon38,vividbeacon38@acme.dev,2025-04-20 13:36:52
340,goldharvest45,goldharvest45@seeded.app,2026-01-15 10:04:12
341,goldkernel59,goldkernel59@relay.cloud,2024-01-27 05:15:07
342,jadelagoon14,jadelagoon14@seeded.app,2024-05-29 23:31:01
343,youngfield23,youngfield23@seeded.app,2025-08-04 20:38:32
344,dawnbeacon45,dawnbeacon45@seeded.app,2025-06-15 10:08:51
345,rapidgarden44,rapidgarden44@seeded.app,2025-12-20 01:30:44
346,keenuplink34,keenuplink34@seeded.app,2026-01-15 07:47:16
347,amberjourney46,amberjourney46@opswise.net,2024-07-16 17:31:03
348,younguplink31,younguplink31@hackstack.io,2024-01-12 22:57:11
349,keenquartz43,keenquartz43@acme.dev,2025-04-18 01:26:31
350,navycanyon44,navycanyon44@seeded.app,2024-05-05 21:16:21
351,jadeanchor76,jadeanchor76@hackstack.io,2024-09-09 21:35:47
352,dawncanyon88,dawncanyon88@relay.cloud,2025-11-12 13:23:48
353,quietsignal69,quietsignal69@hackstack.io,2024-12-28 14:58:22
354,forestbeacon72,forestbeacon72@opswise.net,2025-02-08 03:03:35
355,mellowuplink65,mellowuplink65@relay.cloud,2025-07-21 06:20:50
356,ivoryzenith04,ivoryzenith04@seeded.app,2024-07-15 14:26:30
357,proudyard70,proudyard70@hackstack.io,2024-08-10 00:08:48
358,goldlagoon74,goldlagoon74@opswise.net,2024-04-17 05:25:32
359,tidyjourney77,tidyjourney77@example.com,2024-12-30 12:46:24
360,ivorycanyon88,ivorycanyon88@hackstack.io,2024-12-10 00:09:40
361,mellowengine51,mellowengine51@hackstack.io,2025-02-17 03:52:22
362,youngpioneer22,youngpioneer22@relay.cloud,2025-12-03 13:39:06
363,urbanriver22,urbanriver22@opswise.net,2024-06-29 01:54:58
364,amberyard86,amberyard86@seeded.app,2025-06-01 04:18:54
365,youngpioneer23,youngpioneer23@opswise.net,2026-01-17 17:28:59
366,opaljourney19,opaljourney19@opswise.net,2025-10-24 23:05:23
367,mellowriver26,mellowriver26@hackstack.io,2025-10-25 08:00:30
368,livelyharvest88,livelyharvest88@seeded.app,2025-09-12 04:39:00
369,proudsignal75,proudsignal75@acme.dev,2024-05-26 02:38:09
370,urbangarden28,urbangarden28@opswise.net,2024-08-10 22:27:26
371,rapidharvest28,rapidharvest28@example.com,2024-01-20 17:46:46
372,quietdelta81,quietdelta81@hackstack.io,2024-04-02 03:20:11
373,harborjourney94,harborjourney94@relay.cloud,2025-12-24 20:51:02
374,warmkernel03,warmkernel03@relay.cloud,2024-08-12 19:16:23
375,tidysignal63,tidysignal63@example.com,2025-11-25 11:36:51
376,emberanchor31,emberanchor31@example.com,2024-04-29 07:58:56
377,cobaltjourney80,cobaltjourney80@example.com,2024-06-11 10:47:26
378,forestpioneer71,forestpioneer71@seeded.app,2025-02-03 05:09:23
379,clearharvest98,clearharvest98@seeded.app,2025-05-21 11:25:23
380,ivoryquartz27,ivoryquartz27@example.com,2024-05-05 18:13:03
381,opallagoon33,opallagoon33@relay.cloud,2025-04-18 08:01:07
382,dawnzenith49,dawnzenith49@relay.cloud,2025-11-16 01:45:10
383,cobaltquartz45,cobaltquartz45@seeded.app,2025-09-26 16:29:05
384,urbangarden77,urbangarden77@example.com,2025-03-21 04:02:30
385,dawnengine65,dawnengine65@opswise.net,2024-05-29 11:07:58
386,dawnanchor66,dawnanchor66@seeded.app,2025-11-22 00:15:35
387,navyfield27,navyfield27@relay.cloud,2025-07-05 10:09:38
388,youngmeadow94,youngmeadow94@hackstack.io,2025-01-16 14:54:59
389,dawnnetwork70,dawnnetwork70@opswise.net,2025-09-11 17:42:25
390,vividanchor34,vividanchor34@acme.dev,2025-10-14 14:10:29
391,quiettrail94,quiettrail94@seeded.app,2025-08-31 13:26:00
392,ambermeadow23,ambermeadow23@acme.dev,2025-02-26 11:30:54
393,forestyard97,forestyard97@relay.cloud,2024-03-22 19:18:23
394,goldvalley86,goldvalley86@opswise.net,2026-01-01 18:46:59
395,jadeanchor59,jadeanchor59@acme.dev,2025-07-28 16:12:28
396,navyquartz63,navyquartz63@example.com,2025-02-28 22:54:26
397,proudbeacon27,proudbeacon27@opswise.net,2025-08-02 06:42:43
398,embersignal44,embersignal44@seeded.app,2024-11-30 00:25:26
399,goldzenith79,goldzenith79@opswise.net,2025-04-06 21:12:18
400,navybeacon91,navybeacon91@example.com,2025-08-15 12:29:26
